{
  "alpha": 0.001,
  "use_gpu": true,
  "classes": [
    "0",
    "1",
    "2",
    "3",
    "4",
    "5",
    "6",
    "7",
    "8",
    "9",
    "10",
    "11",
    "12",
    "13",
    "14",
    "15",
    "16",
    "17",
    "18",
    "19",
    "20"
  ],
  "num_features": 7500,
  "class_priors": {
    "ar": 0.05,
    "bg": 0.05,
    "de": 0.05,
    "el": 0.05,
    "en": 0.05,
    "es": 0.05,
    "fr": 0.05,
    "hi": 0.05,
    "it": 0.05,
    "ja": 0.05,
    "jp": 1.4285714285714285e-05,
    "nl": 0.05,
    "pl": 0.05,
    "pt": 0.05,
    "ru": 0.05,
    "sw": 0.05,
    "th": 0.05,
    "tr": 0.05,
    "ur": 0.05,
    "vi": 0.05,
    "zh": 0.049985714285714286
  },
  "num_classes": 21
}